best_threshold,precision,recall,f1_score,roc_auc
0.6796280220171915,0.9859154929577465,0.7,0.8187134502923976,0.8725593487818746
